image,label
74.jpg,V3
75.jpg,V3
76.jpg,V3
77.jpg,V3
78.jpg,V3
79.jpg,V3
80.jpg,V3
81.jpg,V3
82.jpg,V3
83.jpg,V3
84.jpg,V3
85.jpg,V3
86.jpg,V3
87.jpg,V3
88.jpg,V3
89.jpg,V2
90.jpg,V2
91.jpg,V2
92.jpg,V2
93.jpg,V2
94.jpg,V2
95.jpg,V2
96.jpg,V2
97.jpg,V2
98.jpg,V2
99.jpg,V2
100.jpg,V2
101.jpg,V2
102.jpg,V2
103.jpg,V2
104.jpg,UNKNOWN
105.jpg,UNKNOWN
106.jpg,UNKNOWN
107.jpg,UNKNOWN
108.jpg,UNKNOWN
109.jpg,UNKNOWN
110.jpg,UNKNOWN
111.jpg,UNKNOWN
112.jpg,UNKNOWN
113.jpg,UNKNOWN
114.jpg,UNKNOWN
115.jpg,UNKNOWN
116.jpg,UNKNOWN
117.jpg,UNKNOWN
118.jpg,UNKNOWN
119.jpg,V4
120.jpg,V4
121.jpg,V4
122.jpg,V4
123.jpg,V4
124.jpg,V4
125.jpg,V4
126.jpg,V4
127.jpg,V4
128.jpg,V4
129.jpg,V4
130.jpg,V4
131.jpg,V4
132.jpg,V4
133.jpg,V4
